标题,链接资源,图片资源
肖申克的救赎,https://movie.douban.com/subject/1292052/,https://img2.doubanio.com/view/photo/s_ratio_poster/public/p480747492.webp
霸王别姬,https://movie.douban.com/subject/1291546/,https://img1.doubanio.com/view/photo/s_ratio_poster/public/p2561716440.webp
阿甘正传,https://movie.douban.com/subject/1292720/,https://img2.doubanio.com/view/photo/s_ratio_poster/public/p2372307693.webp
泰坦尼克号,https://movie.douban.com/subject/1292722/,https://img9.doubanio.com/view/photo/s_ratio_poster/public/p2889314814.webp
这个杀手不太冷,https://movie.douban.com/subject/1295644/,https://img2.doubanio.com/view/photo/s_ratio_poster/public/p511118051.webp
美丽人生,https://movie.douban.com/subject/1292063/,https://img2.doubanio.com/view/photo/s_ratio_poster/public/p2578474613.webp
千与千寻,https://movie.douban.com/subject/1291561/,https://img1.doubanio.com/view/photo/s_ratio_poster/public/p2557573348.webp
辛德勒的名单,https://movie.douban.com/subject/1295124/,https://img2.doubanio.com/view/photo/s_ratio_poster/public/p492406163.webp
星际穿越,https://movie.douban.com/subject/1889243/,https://img1.doubanio.com/view/photo/s_ratio_poster/public/p2614988097.webp
盗梦空间,https://movie.douban.com/subject/3541415/,https://img9.doubanio.com/view/photo/s_ratio_poster/public/p513344864.webp
楚门的世界,https://movie.douban.com/subject/1292064/,https://img2.doubanio.com/view/photo/s_ratio_poster/public/p479682972.webp
忠犬八公的故事,https://movie.douban.com/subject/3011091/,https://img1.doubanio.com/view/photo/s_ratio_poster/public/p2587099240.webp
海上钢琴师,https://movie.douban.com/subject/1292001/,https://img9.doubanio.com/view/photo/s_ratio_poster/public/p2574551676.webp
三傻大闹宝莱坞,https://movie.douban.com/subject/3793023/,https://img2.doubanio.com/view/photo/s_ratio_poster/public/p579729551.webp
放牛班的春天,https://movie.douban.com/subject/1291549/,https://img1.doubanio.com/view/photo/s_ratio_poster/public/p2884280708.webp
机器人总动员,https://movie.douban.com/subject/2131459/,https://img2.doubanio.com/view/photo/s_ratio_poster/public/p1461851991.webp
无间道,https://movie.douban.com/subject/1307914/,https://img2.doubanio.com/view/photo/s_ratio_poster/public/p2564556863.webp
疯狂动物城,https://movie.douban.com/subject/25662329/,https://img1.doubanio.com/view/photo/s_ratio_poster/public/p2614500649.webp
控方证人,https://movie.douban.com/subject/1296141/,https://img1.doubanio.com/view/photo/s_ratio_poster/public/p1505392928.webp
大话西游之大圣娶亲,https://movie.douban.com/subject/1292213/,https://img9.doubanio.com/view/photo/s_ratio_poster/public/p2455050536.webp
